Third-party code linked into zapp, and the commit each version was built from.
Update this table when go.mod changes or when the copy under internal/thirdparty
is refreshed, then check the result with zapp info. Everything before the line
below is ignored by the reader.

The Rust dependencies of libcodesign are not listed here. They reach the Windows
and Linux archives as THIRD_PARTY_LICENSES.html, which cargo-about generates at
release time, next to libcodesign/NOTICE.
    Direct Dependencies
Title,Version,Authors,Declared License,Declared License File Matches,Declared License Header,Discovered License(s),Discovered License File Matches,Discovered License Header,Package Download Url,
cli,9b981a04295de5121091c479f8a7a0476d2e8d38,urfave/cli maintainers,MIT,LICENSE,,MIT,LICENSE,,https://github.com/urfave/cli,
color,ca25f6e17f118a5a259f3c2c0d395949d1103a5a,Fatih Arslan,MIT,LICENSE.md,,MIT,LICENSE.md,,https://github.com/fatih/color,
go-colorable,8bf39a204f13f0cfcf86ab9b297c3d6e0668e54a,Yasuhiro Matsumoto,MIT,LICENSE,,MIT,LICENSE,,https://github.com/mattn/go-colorable,
go-isatty,c44dc0b9c702c76577fdb7898032969e0611efc2,Yasuhiro Matsumoto,MIT,LICENSE,,MIT,LICENSE,,https://github.com/mattn/go-isatty,
go-yaml,92bc79cb5f685e999ad131473168fc45215d12d9,Masaaki Goshima,MIT,LICENSE,,MIT,LICENSE,,https://github.com/goccy/go-yaml,
sys,613e2570718ecde85c04e69ebd5585c3881c442c,The Go Authors,BSD-3-Clause,LICENSE,,BSD-3-Clause,LICENSE,,https://go.googlesource.com/sys,
text,fafe4a06967e06550e69ee42787d9902845d2a3f,The Go Authors,BSD-3-Clause,LICENSE,,BSD-3-Clause,LICENSE,,https://go.googlesource.com/text,
